<?xml version="1.0" encoding="UTF-8"?>
    <addon id="repository.cerberusreaper" name="Cerberus Reaper" version="1.0.3" provider-name="Shaytan Lykos">
        <requires>
            <import addon="xbmc.addon" version="12.0.0"/>
        </requires>
        <extension point="xbmc.addon.repository" name="Cerberus Reaper">
            <info compressed="false">https://raw.githubusercontent.com/Cerberus-Reaper/repo/master/_repo/addons.xml</info>
            <checksum>https://raw.githubusercontent.com/Cerberus-Reaper/repo/master/_repo/addons.xml.md5</checksum>
            <datadir zip="true">https://raw.githubusercontent.com/Cerberus-Reaper/repo/master/_repo/</datadir>
            <hashes>false</hashes>
        </extension>
        <extension point="xbmc.addon.metadata">
            <summary>RM Repository v1.3</summary>
            <description>Welcome to the Cerberus-Reaper Media Plugin, Affiliated with DoJo Streams, Mammoth Build, Sanctuary and Silent Hunter !!!!ONLY!!!!</description>
            <platform>all</platform>
    </extension>
</addon>