<?xml version="1.1" encoding="UTF-8" standalone="yes"?>
<addon id="plugin.video.cerberus-reaper" name="Cerberus-Reaper" version="2.0.3" provider-name="Shaytan Lykos">
  <requires>
    <import addon="xbmc.python" version="2.1.0"/>
	<import addon="script.module.urlresolver"  version="3.0.0"/>
	<import addon="script.module.addon.common" />
  </requires>
  <extension point="xbmc.python.pluginsource" library="default.py">
		<provides>video</provides>
  </extension>
  <extension point="xbmc.addon.metadata">
	<summary lang="en">[COLORlightslategray]Cerberus-Reaper[/COLOR]</summary>
	<description lang="en">[COLORslategray]Welcome to the Cerberus-Reaper Media Plugin, Affiliated with DoJo Streams, Mammoth Build, Sanctuary and Silent Hunter !!!!ONLY!!!![/COLOR]</description>
	<platform>all</platform>
  </extension>
</addon>
